Date,Close
2016-06-21,0.0037615906685542397
2016-06-22,-0.009140715925497785
2016-06-23,0.003798452541973359
2016-06-24,0.0036376755954162666
2016-06-27,-0.012248716218703808
2016-06-28,0.0058189758434543555
2016-06-29,-0.005049824815527464
2016-06-30,0.00013521666559575496
2016-07-01,0.0007311409728587096
2016-07-04,0.00634665417621197
2016-07-05,0.005153556046279007
2016-07-11,-0.00416057012527847
2016-07-12,0.0027068483676802634
2016-07-13,0.007643336379705258
2016-07-14,0.012455263475378195
2016-07-15,0.00028961915284108963
2016-07-18,-0.0010265287374105522
2016-07-19,0.004781477554003705
2016-07-20,-0.007202109263309669
2016-07-21,0.0019319736283819767
2016-07-22,0.004515046366038671
2016-07-25,0.0009590024125437507
2016-07-26,0.011210680164544013
2016-07-27,-0.0009261566087970896
2016-07-28,-0.0017772264803148498
2016-07-29,-0.0026538540255981223
2016-08-01,-0.0022882707006260817
2016-08-02,0.005645054810719233
2016-08-03,0.0007644882519376738
2016-08-04,-0.003201871343447023
2016-08-05,0.0025358644941950734
2016-08-08,0.008329585533649118
2016-08-09,-0.008132122281195135
2016-08-10,-0.0008045931911892159
2016-08-11,0.007405713264845984
2016-08-12,-0.0026626462710450404
2016-08-15,0.0022369658465038415
2016-08-16,-0.002716330113896383
2016-08-17,0.001334091666677014
2016-08-18,-0.0007877672039062701
2016-08-19,0.0008982239741364348
2016-08-22,-0.006446566531847699
2016-08-23,-0.0007759398418359286
2016-08-24,0.003161529940809296
2016-08-25,0.0008845701975095123
2016-08-26,0.0031598378848647097
2016-08-29,-0.00316034192189715
2016-08-30,-0.0025571245960026574
2016-08-31,-0.004469700676279158
2016-09-01,0.002425941836530525
2016-09-02,0.0055543989278072515
2016-09-05,-0.0017496455262171991
2016-09-06,0.002961941838325554
2016-09-07,0.003048700546611171
2016-09-08,0.0028356030067235153
2016-09-09,-0.0004401908133799471
2016-09-14,-0.0013685632892194582
2016-09-15,0.0008237162289855778
2016-09-16,-0.0008211262072518804
2016-09-19,-0.0028421331957306584
2016-09-20,0.0008183574900265165
2016-09-21,-0.0015315585644449568
2016-09-22,0.00270195013159687
2016-09-23,0.0016309424702975874
2016-09-26,0.0016083475339421734
2016-09-27,0.00046584913714477015
2016-09-28,-0.0013734102474600783
2016-09-29,0.0015973806982807481
2016-09-30,0.000502876739090038
2016-10-04,-0.000505458806856185
2016-10-05,0.0077416731081510455
2016-10-06,0.001798334788265257
2016-10-07,0.007335399199974346
2016-10-10,0.005495927339075558
2016-10-11,0.0067481024249923085
2016-10-12,-0.0007210164089443031
2016-10-13,-0.0037742751926094597
2016-10-14,-0.0006751535497876471
2016-10-17,0.0024747136626317033
2016-10-18,0.004194549306863474
2016-10-19,-0.001773418733819258
2016-10-20,0.0023141347710693917
2016-10-21,0.0026759726747794086
2016-10-24,-0.0031663458953918944
2016-10-25,-0.0005359231878146247
2016-10-26,-0.0013380127333830923
2016-10-27,0.00278648267627309
2016-10-28,0.0124980417435267
2016-10-31,0.008441291283893468
2016-11-01,-0.0007684845229580519
2016-11-02,0.005307556571957319
2016-11-03,-0.0026227877389266127
2016-11-04,-0.005934223617306891
2016-11-07,-0.0003328160203896629
2016-11-08,0.003192548504601629
2016-11-09,0.0028515777292067775
2016-11-10,-0.0016068286884209236
2016-11-11,-0.002737059253139528
2016-11-14,0.0030002453241652263
2016-11-15,0.002380487674506321
2016-11-16,0.00390791675330035
2016-11-17,0.004963954386099527
2016-11-21,-0.005886116284952698
2016-11-22,-0.001154212991003006
2016-11-23,-0.00030906319604597713
2016-11-24,0.0007749166393663592
2016-11-25,0.0018447539155831652
2016-11-28,0.008300405551602321
2016-11-29,-0.0034329647123470994
2016-11-30,-0.0018327216846032762
2016-12-01,-0.005382829649127013
2016-12-02,-0.0007317535828347256
2016-12-05,0.002475426473511679
2016-12-06,0.00302717413553376
2016-12-07,0.005345981383014319
2016-12-08,0.003913884952121275
2016-12-09,0.0182892343746616
2016-12-14,0.0024836884728336476
2016-12-15,0.007459273271924072
2016-12-16,0.022893022819072247
2016-12-19,0.0245237214897961
2016-12-20,-0.011986345893075236
2016-12-21,-0.01200055276930137
2016-12-22,0.020815077970759738
2016-12-23,0.033550663161768766
2016-12-26,-0.014283826122148898
2016-12-27,-0.010964291637984397
2016-12-28,-0.0019505015129112982
2016-12-29,-0.0067263849372251
2016-12-30,0.0076656616312421886
2017-01-02,-0.007459251769525878
2017-01-03,0.007536894144043324
2017-01-04,0.016496747842712937
2017-01-05,0.03185719808830899
2017-01-06,0.028925671849340116
2017-01-09,0.015321060621051432
2017-01-10,0.013759074749863147
2017-01-12,-0.0009483956353477279
2017-01-13,-0.01276139814033922
2017-01-16,-0.012490927122371523
2017-01-17,-0.01992308198351846
2017-01-18,0.0029984586505801287
2017-01-19,0.0033867808203131493
2017-01-20,0.014008004098846533
2017-01-23,-0.00813246861072289
2017-01-24,-0.0012049163336517673
2017-01-25,0.0030544504919915645
2017-01-26,-0.007636995794840901
2017-01-27,0.006132973241077617
2017-01-30,-0.01046149915127637
2017-01-31,-0.014046420685204276
2017-02-01,-0.005688557721990572
2017-02-02,-0.001702927799815592
2017-02-03,0.007943573180398665
2017-02-06,0.00224176023135993
2017-02-07,-0.0023673571084396215
2017-02-08,0.007573152358840269
2017-02-09,-0.0007354128271375726
2017-02-10,-0.005646062443374565
2017-02-13,0.011458343036031812
2017-02-14,-0.0083314703721914
2017-02-15,0.0005509241751901802
2017-02-16,0.00024756630848753874
2017-02-17,-0.0097988000527674
2017-02-20,0.002556031415587747
2017-02-21,0.0009293538243179368
2017-02-22,-0.022603431147704738
2017-02-23,-0.02124667605514473
2017-02-24,0.004683801235356557
2017-02-27,0.0043615742920999
2017-02-28,0.009636078024834818
2017-03-01,-0.005414839443777863
2017-03-02,0.00858921396726347
2017-03-03,-0.0019179540776423406
2017-03-06,0.0026355930103236207
2017-03-07,-0.00246715248713655
2017-03-08,-0.0028983905341801227
2017-03-09,0.0006020118932050543
2017-03-10,0.0007327670797828352
2017-03-13,0.0003803480109266478
2017-03-14,0.005601437802822886
2017-03-15,-0.0001303964595920143
2017-03-16,-0.0047454429394086966
2017-03-17,-0.002942314670504918
2017-03-20,0.0015270368275017274
2017-03-21,-0.0028286157232590816
2017-03-22,-0.0010894522996718846
2017-03-23,-0.01863468314578463
2017-03-24,-0.01791446190848469
2017-03-27,0.0010614888600498228
2017-03-28,0.00419590116251733
2017-03-29,0.006794317647551538
2017-03-30,-0.017974977892584728
2017-03-31,-0.005720503994922328
2017-04-03,-0.005791631833131183
2017-04-04,0.00033355298770945565
2017-04-05,0.0008860322402194971
2017-04-06,-0.003551689284579479
2017-04-07,0.0012937935437249632
2017-04-10,-0.001174325257002285
2017-04-11,-0.00016323736122327774
2017-04-12,0.003352922777013832
2017-04-13,-0.004250633027419311
2017-04-14,-0.005502607592800193
2017-04-17,0.003427179866323101
2017-04-18,0.0034632704998712807
2017-04-19,0.0022765317749553764
2017-04-20,-0.0002290375066470128
2017-04-21,0.0008740048831538098
2017-04-24,0.004978520638080793
2017-04-25,-0.0008836393011868661
2017-04-26,0.0014160801153026848
2017-04-27,0.009805701281604233
2017-04-28,0.01350083245235684
2017-05-02,0.017317699632360777
2017-05-03,-0.0025096905829223304
2017-05-04,-0.0011752134564134906
2017-05-05,-0.0038409893680584426
2017-05-08,0.0015523318713954904
2017-05-09,-0.002902069241354724
2017-05-10,0.0006380166364813909
2017-05-11,0.0013239742598545432
2017-05-12,0.001099918815340012
2017-05-15,0.000698256218560093
2017-05-16,-0.010887102333978542
2017-05-17,0.0002914838810229557
2017-05-18,0.008330463466063772
2017-05-19,-0.0034591627615610395
2017-05-22,-0.003741459661674459
2017-05-23,-0.001107295671095247
2017-05-24,-0.004555077709480209
2017-05-25,-0.0021711673080767953
2017-05-26,0.0019243862339263105
2017-05-29,-0.005436879280106793
2017-05-30,-0.0005089747830777456
2017-05-31,0.004029845555582573
2017-06-01,-0.0017727371554165908
2017-06-02,0.0049915959174063355
2017-06-05,0.0010539953792809906
2017-06-06,-0.00035565688744632756
2017-06-07,0.011036366128824762
2017-06-08,0.003252835082755277
2017-06-09,-0.006667719237547797
2017-06-12,-0.0012376943562227873
2017-06-13,0.0032658586020343633
2017-06-14,0.0030819449509348396
2017-06-15,-0.010621484074195962
2017-06-16,0.010148603419320234
2017-06-19,0.009160988405914222
2017-06-20,-0.00041385994921610517
2017-06-21,0.00030741091708861033
2017-06-22,0.006655039596838654
2017-06-23,0.002806837839924103
2017-06-28,0.00823800676644699
2017-06-29,0.0008878751787078262
2017-06-30,-0.003416092587562857
2017-07-03,0.003575568381752505
2017-07-04,-0.00042389897050504696
2017-07-05,0.005159434331508659
2017-07-06,0.0020268928428301045
2017-07-07,0.01734248998409542
2017-07-10,-0.0041709716132896655
2017-07-11,0.006595942938147855
2017-07-12,3.597630343435747e-05
2017-07-13,-0.001476140216499028
2017-07-14,-0.0058376589235556615
2017-07-17,-0.0016562493347385028
2017-07-18,-0.00020589938510938
2017-07-19,-0.005821115157674148
2017-07-20,-0.001964590340025088
2017-07-21,-0.0037603107934861056
2017-07-24,0.006981115421871111
2017-07-25,0.004348547798031374
2017-07-26,0.005195466382028328
2017-07-27,-0.004349686321531787
2017-07-28,0.0018436096885997208
2017-07-31,-0.011032061287987466
2017-08-01,0.0007009474938494669
2017-08-02,-0.0024730459264582635
2017-08-03,-0.003560968390673426
2017-08-04,0.0034729422637858483
2017-08-07,0.0013635148807564093
2017-08-08,0.005424446798562597
2017-08-09,-0.0016814024265576412
2017-08-10,0.0027706009568490026
2017-08-11,0.006312671516793436
2017-08-15,-0.008492656544146708
2017-08-16,0.00019771837384757062
2017-08-17,-0.0011810466219216518
2017-08-18,0.0003798043111979891
2017-08-22,-0.004237632571494515
2017-08-23,0.0019113925356400573
2017-08-24,-0.002243786927705883
2017-08-25,0.002531064998780215
2017-08-28,0.004161625592160588
2017-08-29,0.0038898966378598386
2017-08-30,0.006841136620004286
2017-08-31,0.001857165495571482
2017-09-04,-0.003307980454442855
2017-09-05,0.005661904358952605
2017-09-06,8.697323334090333e-05
2017-09-07,0.006289466473062876
2017-09-08,0.008463032006670613
2017-09-11,0.008417767827344965
2017-09-12,-0.0019449078913302317
2017-09-13,0.007988443868223708
2017-09-14,-0.00398671537817259
2017-09-15,-0.0020125582495182565
2017-09-18,-0.00394609494964969
2017-09-19,-0.008636524058326515
2017-09-20,-0.011411138545803693
2017-09-21,-0.0004932834524028809
2017-09-25,-0.00024165578302316594
2017-09-26,-0.0024226311959018496
2017-09-27,-0.013737088046055895
2017-09-28,-0.007865173065597076
2017-09-29,-0.002566531873589267
2017-10-02,0.0047879679865280534
2017-10-03,0.006781448304337375
2017-10-04,0.020217565494516573
2017-10-05,-0.004279349070096905
2017-10-06,-0.003854842999311064
2017-10-09,0.002508517204477492
2017-10-10,0.00015641333871967768
2017-10-11,-0.00013013892200328304
2017-10-12,0.0003869646802134826
2017-10-13,0.004527652661620856
2017-10-16,-0.009868632506214371
2017-10-17,-0.001532310590197627
2017-10-18,0.004122299404239869
2017-10-19,-0.002166366695754549
2017-10-20,-0.00440919625638149
2017-10-23,0.0010378791684632022
2017-10-24,0.003162179254082753
2017-10-25,-0.002151344962020283
2017-10-26,0.00285645414699516
2017-10-27,0.0009286023880972656
2017-10-30,-0.005422223193538702
2017-10-31,0.0035318624140712215
2017-11-01,0.0048931693742819945
2017-11-02,-0.006498611772757108
2017-11-03,0.007985733797191162
2017-11-07,-0.003707487328555908
2017-11-08,-0.00028072069202861213
2017-11-09,0.003428588985120031
2017-11-10,0.014225912327715197
2017-11-13,0.011257736283279095
2017-11-14,-0.0018302047109251432
2017-11-15,-0.002873430873027981
2017-11-16,-0.006238703905736295
2017-11-17,0.0006436664487166492
2017-11-20,-0.0017391768604820773
2017-11-21,-0.0010169095538859886
2017-11-22,-0.001327830098855236
2017-11-23,-8.91675731059833e-05
2017-11-24,0.0010688925725972154
2017-11-27,0.00054055247335022
2017-11-28,0.0017060179634016083
2017-11-29,0.004283825725655361
2017-11-30,-0.0075147796271973506
2017-12-04,-0.008630415573591196
2017-12-05,-0.0035409802600534766
2017-12-06,-0.01139146082773922
2017-12-07,0.006128747181370396
2017-12-08,0.001883161360904358
2017-12-11,-0.004798272462270079
2017-12-12,0.011184673917458412
2017-12-13,-0.0040332485678549355
2017-12-14,0.0025610314997874706
2017-12-15,-0.0037359765262803607
2017-12-18,-0.0051110852444485825
2017-12-19,-0.0015022387799754333
2017-12-20,-0.0057418500027854695
2017-12-21,-0.0038020898537474666
2017-12-22,-0.0031580906599408968
2017-12-25,0.008116890035578132
2017-12-26,0.0023422404399333174
2017-12-27,0.0014884883639988944
2017-12-28,0.0023654503647992054
2017-12-29,0.00360499953205749
2018-01-02,0.0026736147922912295
2018-01-03,0.008078142495235035
2018-01-04,-0.004624101877301466
2018-01-05,0.00565798582425509
2018-01-08,-0.005073472109375507
2018-01-09,0.002115597957953133
2018-01-10,0.002915632820114882
2018-01-12,0.009520903408431432
2018-01-15,0.01640488028858195
2018-01-16,0.006270648477338984
2018-01-17,-0.0020132204456150015
2018-01-18,-0.005549627631946479
2018-01-19,0.0078053139018853
2018-01-22,0.001484492123383176
2018-01-23,-0.0009456276307922845
2018-01-24,0.003423518401165815
2018-01-25,0.0014215779998829775
2018-01-26,-0.0013044361407217957
2018-01-29,-0.002215970948706586
2018-01-30,0.0022515844107593567
2018-01-31,0.005050472775262493
2018-02-01,0.016683410641198805
2018-02-02,-0.0008575526704861405
2018-02-05,-0.0032908009730648713
2018-02-06,-0.010531814862028054
2018-02-07,-0.008593430433180152
2018-02-08,0.00576825519622346
2018-02-09,0.002409797293817308
2018-02-12,-0.003744690571082865
2018-02-13,0.004202671233501971
2018-02-14,-0.004661235369785302
2018-02-15,0.004576131163614625
2018-02-16,0.004064463952936957
2018-02-19,0.00575338621942359
2018-02-20,-0.003558760466801684
2018-02-21,-0.0019498377807878298
2018-02-22,0.002329379165567482
2018-02-23,0.0015448527310606072
2018-02-26,-0.0055428787116807415
2018-02-27,-0.0003222817877301233
2018-02-28,0.0010396884417964974
2018-03-01,0.001248394170712211
2018-03-02,-0.00017836388329175594
2018-03-05,-0.001339603344637363
2018-03-06,0.002195005245111711
2018-03-07,-0.0017444969736021634
2018-03-08,0.008377485690092614
2018-03-09,0.0008266305690670984
2018-03-12,-0.0034372823318580487
2018-03-13,-0.002710721296212532
2018-03-14,-0.002310899426662864
2018-03-15,-0.00021873524499483392
2018-03-16,0.0012513230848394223
2018-03-19,-0.002864268174408964
2018-03-20,-0.0018440948023198127
2018-03-21,-0.011004586946833336
2018-03-22,-0.00046822424614350585
2018-03-23,0.003960451112880428
2018-03-26,0.0026504451329943694
2018-03-27,-0.004628459578595537
2018-03-28,-0.001201793543039117
2018-03-29,-0.0006728013623186034
2018-03-30,0.004849975294475316
2018-04-02,-0.006497942286640376
2018-04-03,-0.011103379341265466
2018-04-04,0.0038688694443810875
2018-04-05,-0.003140312337120946
2018-04-06,0.0014643088483585278
2018-04-09,0.0015554374949557363
2018-04-10,0.002276021833136146
2018-04-11,-0.0013700737810960217
2018-04-12,0.0005256499601596966
2018-04-13,0.004324405756313506
2018-04-16,-0.007857344766421815
2018-04-17,0.0023112496370214512
2018-04-18,-0.0011680167193387342
2018-04-19,0.004997146681017787
2018-04-20,0.0031666487702012064
2018-04-23,-0.001298748567538336
2018-04-24,0.00036950420730511626
2018-04-25,-0.001531927827748687
2018-04-26,0.00028253048883873595
2018-04-27,0.008353689773971832
2018-04-30,-0.0007768776781474995
2018-05-02,-0.002864841247786931
2018-05-03,-0.0009447831777067997
2018-05-04,0.003891650911867583
2018-05-07,-0.001452998324799179
2018-05-08,-0.006434224137806053
2018-05-09,-0.00011002700446561461
2018-05-10,-0.004069239269002861
2018-05-11,-0.0009657345572303371
2018-05-14,-0.0047576285669367075
2018-05-15,-0.004399865369150401
2018-05-16,-0.005588819054505721
2018-05-17,0.0004388183927212353
2018-05-18,-0.00441282542633328
2018-05-21,-0.003514678781963625
2018-05-22,-0.003401741462063602
2018-05-23,-0.004611069881259593
2018-05-24,-0.002664363310705126
2018-05-25,0.0019805863132623175
2018-05-28,-0.005649824061201627
2018-05-29,-0.0033943749342279068
2018-05-30,5.411590127257776e-05
2018-05-31,-0.004688130672479202
2018-06-01,-0.006885976943524004
2018-06-04,0.00011759291680352076
2018-06-05,0.0006204494677866864
2018-06-06,0.0018471377972212437
2018-06-07,0.013984887074041793
2018-06-08,-0.0011945821602682549
2018-06-11,-0.002274576745070807
2018-06-12,0.0003791444954847114
2018-06-13,-0.001716393558815852
2018-06-14,-0.005240579489552554
2018-06-18,-0.0015219048986280016
2018-06-19,-0.006268606224587089
2018-06-20,0.0033596371697066727
2018-06-21,-0.007781307168803477
2018-06-22,0.006237340984512534
2018-06-25,-0.009413292753699376
2018-06-26,-0.011196964476998573
2018-06-27,0.00048680526480067324
2018-06-28,-0.0017082742453917406
2018-06-29,-0.01143613038228491
2018-07-02,0.003113566842584399
2018-07-03,-0.018835267926795338
2018-07-04,0.002849073652069046
2018-07-05,0.002061826158258305
2018-07-06,-0.0014453349580584994
2018-07-09,0.0018745138672199594
2018-07-10,0.00153541167188758
2018-07-11,-0.012606583119796975
2018-07-12,-0.0001745062019443067
2018-07-13,-0.010143777107984081
2018-07-16,0.00032451244940480205
2018-07-17,-0.0077139374224462305
2018-07-18,-0.006199971713482541
2018-07-19,-0.0007278902788189885
2018-07-20,0.010257391909910948
2018-07-23,0.009907744050915445
2018-07-24,0.000857673684953728
2018-07-25,0.005883492565009831
2018-07-26,0.004539126768416639
2018-07-27,0.007319915331859721
2018-07-31,0.0008281648021773531
2018-08-01,-0.0032844726597774784
2018-08-02,0.004495916166139964
2018-08-03,-0.0025064376751510833
2018-08-06,0.0019152130083147868
2018-08-07,0.0018845659902812987
2018-08-08,0.0009198896660107748
2018-08-09,-0.0010388454809042535
2018-08-10,-0.006292464457051594
2018-08-13,-0.007803190675297784
2018-08-15,-0.0004276984264101059
2018-08-16,-0.0006745193264553599
2018-08-17,0.010082972414770333
2018-08-24,-0.001355910824330589
2018-08-27,-0.002947487711486343
2018-08-28,0.0024449760598135627
2018-08-29,-0.0050414210659154015
2018-08-30,-0.002681808372013931
2018-08-31,-0.006017254304520718
2018-09-03,-0.00726940490371803
2018-09-04,0.00043312794319677405
2018-09-05,-0.007241215262157495
2018-09-06,-0.008446252230690794
2018-09-07,-0.01770149237964718
2018-09-10,0.005178398308682915
2018-09-12,-0.0005105665334936677
2018-09-13,0.005701890441400309
2018-09-14,-0.004699819912426371
2018-09-17,-0.002061656476590141
2018-09-18,0.0044946346247826605
2018-09-19,-0.0033856668089755322
2018-09-20,0.00508885377227347
2018-09-21,-5.9065428132540255e-05
2018-09-24,-0.005218846515791416
2018-09-25,0.009103296940743
2018-09-26,0.008137925243657
2018-09-27,0.004342302543945947
2018-09-28,-0.0038040685298560543
2018-10-01,-0.00614457409935872
2018-10-02,0.003306542659558357
2018-10-03,0.0007697134879813274
2018-10-04,0.0015665767262515054
2018-10-05,-0.010813036273157042
2018-10-08,-0.0019213051916222067
2018-10-09,0.003153123438359643
2018-10-10,-0.003745722423362196
2018-10-11,-0.0021838303451258974
2018-10-12,-0.000856687231104651
2018-10-15,-0.000503620670051609
2018-10-16,0.002541080114899679
2018-10-17,-0.0010268327551125065
2018-10-18,0.0005101099664429412
2018-10-19,-0.0038388420452323195
2018-10-22,0.006015693329671028
2018-10-23,0.0001846600621591601
2018-10-24,-0.004197538726133108
2018-10-25,-0.0036020871093601897
2018-10-26,-0.0028693481841824426
2018-10-29,-0.003921182271653914
2018-10-30,-0.010529548338507524
2018-10-31,0.0003484848415085748
2018-11-01,-0.0015508593186476535
2018-11-02,-0.0016621949211906544
2018-11-05,0.0009655462759945345
2018-11-07,0.0012052876798088383
2018-11-08,0.010252618432584919
2018-11-09,0.005500658277237306
2018-11-12,-0.008203804700472925
2018-11-13,0.006141018772800883
2018-11-14,0.005193988329548278
2018-11-15,0.003996101904925245
2018-11-16,-0.0011773005267195571
2018-11-19,0.006207512922231791
2018-11-22,-0.0036663065810330457
2018-11-23,-0.003375986278711734
2018-11-26,0.0023565904432103044
2018-11-27,0.0020706319683128456
2018-11-28,0.0043255817202910085
2018-11-29,-0.0024871131792166086
2018-11-30,0.0023810360406655846
2018-12-03,0.0006412637367829571
2018-12-04,0.005910730873104013
2018-12-05,0.001569236640114985
2018-12-06,-0.0035187992787551127
2018-12-07,-0.007246459626148061
2018-12-10,0.0030736006947458486
2018-12-11,0.003868029745157603
2018-12-12,-0.0062151513530140125
2018-12-13,0.002135769370598848
2018-12-14,-0.008196399019140073
2018-12-17,0.005826453942331114
2018-12-18,-0.0008687378081556028
2018-12-19,0.0008914816852512824
2018-12-20,0.00011085801834443544
2018-12-21,-0.0023955223546059633
2018-12-24,0.0003259289234087718
2018-12-25,0.0037775577272192717
2018-12-26,0.0025430249433532883
2018-12-27,-0.0004060355065920329
2018-12-28,-0.006403755482661457
2018-12-31,0.015832033080506864
2019-01-02,-0.005469724416032252
2019-01-03,-0.011022464608857776
2019-01-04,-0.006215848281418609
2019-01-07,-0.003692595759416258
2019-01-08,0.00039653264110756597
2019-01-09,-9.907117226862307e-05
2019-01-10,0.0006585856543728052
2019-01-14,-0.003193104187753604
2019-01-15,0.012295082910228301
2019-01-16,-0.0056801003554354836
2019-01-17,0.006337473123249968
2019-01-18,0.001093896251733638
2019-01-21,-0.0009541704020719557
2019-01-22,0.004862261539231182
2019-01-23,0.0035710880332563964
2019-01-24,0.003626224439468157
2019-01-25,-0.0021964420173296484
2019-01-28,0.0028124548273109943
2019-01-29,0.004576555234726967
2019-01-30,0.003889678494519997
2019-01-31,-0.006818720243580928
2019-02-01,0.0003900680430766856
2019-02-04,0.0019652734844755673
2019-02-05,6.380519792746003e-05
2019-02-06,0.0018612477486825792
2019-02-07,-0.005124823357972898
2019-02-08,0.0023732453443136943
2019-02-11,0.001183470290813111
2019-02-12,0.010593007761322007
2019-02-13,-0.0014924717004751015
2019-02-14,-0.0024557577846423123
2019-02-15,-0.006152024682062805
2019-02-18,0.003033112139914188
2019-02-19,0.005573587947625316
2019-02-20,-0.005999362211275507
2019-02-21,-0.003003857049467739
2019-02-22,-0.00793935082635746
2019-02-25,-0.004309330362653208
2019-02-26,0.005647969085393061
2019-02-27,-0.005869601012622436
2019-02-28,-0.010552146242207627
2019-03-01,0.002594884345299657
2019-03-04,0.0030742158765233113
2019-03-05,-0.0007143834454772611
2019-03-06,-0.001088625982075938
2019-03-07,-0.002248433257098756
2019-03-08,-0.003669658786028571
2019-03-11,-0.0007675260534375243
2019-03-12,0.001542961496623839
2019-03-13,-0.00028544938264875313
2019-03-14,-0.010666982059678764
2019-03-15,-0.0020807102777954463
2019-03-18,0.000797489864088548
2019-03-19,0.011726739368604466
2019-03-20,0.003953128355433628
2019-03-21,-0.0008317326143086987
2019-03-22,-0.016913357323959814
2019-03-25,0.005913886879948561
2019-03-26,0.0044538521894382805
2019-03-27,0.0010647677004708947
2019-03-28,0.0007698204435235502
2019-03-29,-0.01754466494068477
2019-04-01,0.007437001314366879
2019-04-02,0.005474070803258241
2019-04-03,-0.004557828806380254
2019-04-04,0.00041730004990145656
2019-04-05,-0.00731507586935098
2019-04-08,0.008571682119771397
2019-04-09,-0.004025652866512717
2019-04-10,0.002404208519269531
2019-04-11,0.002266131844349033
2019-04-12,-0.0005484875062893146
2019-04-15,0.002090041132051042
2019-04-16,0.002505931077602078
2019-04-17,0.002923698027853636
2019-04-18,-0.00034756616870660636
2019-04-19,0.0020978392207434177
2019-04-22,0.003296508916662758
2019-04-23,0.0004930082522147416
2019-04-24,-0.004519231249657549
2019-04-25,0.0019414826805074234
2019-04-26,0.0009788617410499
2019-04-29,0.0006697274516083217
2019-04-30,0.0046086103448427914
2019-05-02,-0.0017848958284449642
2019-05-03,-0.000928811687148078
2019-05-06,0.00016976612113484208
2019-05-07,0.003218487563597654
2019-05-08,0.002016425890434853
2019-05-09,0.0025808350389980705
2019-05-10,-0.0004439606084345981
2019-05-13,-0.0014510398234961596
2019-05-14,0.0024161522457640068
2019-05-15,0.00868488939814439
2019-05-16,0.007112814504657664
2019-05-17,-0.006343933083741729
2019-05-20,0.0031557553015678216
2019-05-21,-0.005941050149593544
2019-05-22,0.00011355086151415356
2019-05-23,-0.006213249733700124
2019-05-24,-0.015225363804183904
2019-05-27,-0.003305655328812022
2019-05-28,0.007695647277337675
2019-05-29,-0.0057002418703814535
2019-05-30,-0.0025411007435494027
2019-05-31,-0.00390670453676984
2019-06-03,0.0005860814186951022
2019-06-04,0.002248613799793022
2019-06-10,-0.0025804883830907333
2019-06-11,0.001663753537562334
2019-06-12,-0.006106792264775769
2019-06-13,0.00033846060310060934
2019-06-14,0.009785289527837523
2019-06-17,0.02028511799060797
2019-06-18,0.01720073524260512
2019-06-19,-0.0006076183042363671
2019-06-20,0.0034877436164803977
2019-06-21,-0.005816320620671216
2019-06-24,-0.007880532519784171
2019-06-25,-0.0035546578415668454
2019-06-26,-0.0012223682768101223
2019-06-27,0.0030081358741497746
2019-06-28,-0.004104065765234442
2019-07-01,-0.0016366446050260844
2019-07-02,-0.0022385970845644394
2019-07-03,0.0037536238096607197
2019-07-04,-0.0014651719460805042
2019-07-05,-0.0026213815046264586
2019-07-08,-0.00824842411321625
2019-07-09,0.006169292954279129
2019-07-10,0.007291467573663637
2019-07-11,-0.0020075955081452087
2019-07-12,0.0035775533605384288
2019-07-15,-0.0018980456553525774
2019-07-16,0.007446047022258517
2019-07-17,0.012609658581339642
2019-07-18,-0.00808908711670988
2019-07-19,0.005540201226932712
2019-07-22,-0.005081630983229038
2019-07-23,0.004168525345070038
2019-07-24,0.0004520141550981259
2019-07-25,0.0036583095247339392
2019-07-26,0.0040227339130711305
2019-07-29,0.0009071658458179501
2019-07-31,0.003744718797747819
2019-08-01,-0.0024317835307359117
2019-08-02,0.0019399793853211486
2019-08-05,-0.0018195285503687236
2019-08-06,-0.00020898700104896847
2019-08-07,-0.0037116646944811687
2019-08-08,0.0002713772021534665
2019-08-09,0.0011335634753260504
2019-08-15,0.003916723351532306
2019-08-16,0.0007427910340398638
2019-08-19,-0.005844166758142045
2019-08-22,0.0008956758376790783
2019-08-23,0.004232542459587723
2019-08-26,0.0018171247633334347
2019-08-27,0.014817291093777054
2019-08-28,-0.00323705918144809
2019-08-29,0.001736358231221107
2019-08-30,-0.005980939132673863
2019-09-02,0.0015780867540128001
2019-09-03,-0.0018371906815166372
2019-09-04,-0.0037312639293271494
2019-09-05,-0.00024368000939928286
2019-09-06,-0.0061834063030394406
2019-09-09,0.003202894339879175
2019-09-10,-0.001957676209718931
2019-09-11,-0.002262540357553228
2019-09-12,-0.0010143578527498608
2019-09-13,0.002704777022841889
2019-09-16,0.002374047222678249
2019-09-17,-0.00244751284835463
2019-09-18,-0.004282245778358233
2019-09-19,-0.0015401720793961225
2019-09-20,-0.008220739160380032
2019-09-23,0.0030379886644954454
2019-09-24,-0.0008234148986696287
2019-09-25,-0.0004987182034614303
2019-09-26,0.0007954016852248707
2019-09-27,0.005290791736771803
2019-09-30,0.0027202801792490135
2019-10-01,-0.0015292449659460342
2019-10-02,-0.004523428706374423
2019-10-03,-0.0021785467801267618
2019-10-04,-0.0020641243133723707
2019-10-07,-0.0009121348275611241
2019-10-08,-0.0036131611996048684
2019-10-09,-0.002065795216903207
2019-10-10,-0.00459938754186409
2019-10-11,0.004271750344449828
2019-10-14,0.001145753610681211
2019-10-15,-0.00016378994976708007
2019-10-16,3.761739616649437e-05
2019-10-17,0.006578311821495617
2019-10-18,0.0053733333728669
2019-10-21,-0.003351573348442618
2019-10-22,0.004257540268947112
2019-10-23,0.0016023780126288034
2019-10-24,0.002083366778586832
2019-10-25,0.001486306712789315
2019-10-28,-0.005098986052325636
2019-10-29,-0.002612391036150489
2019-10-30,0.00421937539680589
2019-10-31,-0.004421690722019639
2019-11-01,0.007649416506239805
2019-11-04,-0.0020229739751252865
2019-11-05,-0.0033583486912712648
2019-11-07,0.0053585878166702815
2019-11-08,0.00048419146379836085
2019-11-12,-0.0017022686914178124
2019-11-13,0.001158883603614577
2019-11-14,-0.000631793628201722
2019-11-15,0.005487347851934702
2019-11-19,0.001668038139893988
2019-11-20,-0.002289917142859965
2019-11-21,0.010886431322818803
2019-11-22,0.005625735938972002
2019-11-25,-0.0026800461071908696
2019-11-26,0.0023075421667680175
2019-11-27,0.0027236808705704578
2019-11-28,-0.00047959061978467455
2019-11-29,-0.000556258658051084
2019-12-02,-0.006019647419415375
2019-12-03,-0.003249491809852114
2019-12-04,0.0010184535343897092
2019-12-05,-0.0030828911408568057
2019-12-06,0.006091114638337911
2019-12-09,-0.0012932186021385932
2019-12-10,0.005441103455826624
2019-12-11,0.006173670899576223
2019-12-12,0.001499975357280218
2019-12-13,0.006284925120431175
2019-12-16,-0.0009978098490081833
2019-12-17,0.005677865592608063
2019-12-18,-0.0004597339522042608
2019-12-19,0.004739560067611719
2019-12-20,0.006937371493942472
2019-12-23,0.0030924708540419296
2019-12-24,0.007866027550628889
2019-12-25,-0.0021160185161986384
2019-12-26,-0.006901749744367971
2019-12-27,-0.0005036327936418505
2019-12-30,0.00037019258990649814
2019-12-31,-0.002026445836826306
2020-01-02,-0.005019275416855087
2020-01-03,0.003713213110884354
2020-01-06,-0.0013537113173694936
2020-01-07,-2.486634792888837e-06
2020-01-08,0.0064304076596089195
2020-01-09,0.014841051567923414
2020-01-10,-0.006373280110265988
2020-01-13,-0.00391101170136341
2020-01-14,0.00534996935771523
2020-01-15,0.0008993923451109999
2020-01-16,0.004450367291717909
2020-01-17,0.007709043500644852
2020-01-20,0.00019158936677654
2020-01-21,0.0027794727939906482
2020-01-22,0.00912402474260551
2020-01-23,-0.00450785740106172
2020-01-24,0.0018759384820036067
2020-01-27,-0.0003600109664263289
2020-01-28,-0.0014346301300471207
2020-01-29,-0.003618143540960542
2020-01-30,-0.005334216177925292
2020-01-31,0.005160602620520752
2020-02-03,-0.02008255918703695
2020-02-04,0.0022245579985376495
2020-02-05,-0.00017346756935599165
2020-02-06,-0.011014552143646312
2020-02-07,-0.0012311019864915018
2020-02-10,0.0018123752680338978
2020-02-11,-0.012824247268295605
2020-02-12,-0.0005920506927384276
2020-02-13,0.014949272108725799
2020-02-14,0.011311338835030441
2020-02-17,-0.00019322442438295952
2020-02-18,-0.006139250741291671
2020-02-19,0.0010508895918308928
2020-02-20,0.0005431023319316601
2020-02-21,0.018657410437381807
2020-02-24,-0.008042577233679016
2020-02-25,0.0029618818794186937
2020-02-26,-0.0028015041810565758
2020-02-27,-0.002511050795549356
2020-02-28,-0.0100304421630294
2020-03-02,-0.00591080037472997
2020-03-03,-0.019357135879366494
2020-03-04,-0.007018383074715145
2020-03-05,-0.00399846547168642
2020-03-06,-0.03173303534787334
2020-03-09,-0.061328823315300623
2020-03-10,0.054459914237993005
2020-03-11,-0.004991954638213562
2020-03-12,-0.07089215338115314
2020-03-13,-0.005330164595778331
2020-03-16,-0.0947334899328006
2020-03-17,-0.032375626193903446
2020-03-18,-0.03490051276811243
2020-03-19,0.03428646826003915
2020-03-20,0.034696965567105525
2020-03-23,0.03613777351512131
2020-03-24,0.021828390431386725
2020-03-25,-0.02830614195736851
2020-03-26,-0.009608974791912398
2020-03-27,-0.005832050769951739
2020-03-30,-0.0018787412772161107
2020-03-31,-0.00225417436686692
2020-04-01,-0.008375473872244563
2020-04-02,-0.00708956958181133
2020-04-03,-0.017816811035717108
2020-04-06,-0.017190400511254592
2020-04-07,-0.02065402800360343
2020-04-08,0.014415922746819401
2020-04-09,0.00601653214931875
2020-04-10,0.006920716405970259
2020-04-13,0.002918989074701105
2020-04-14,-0.0037311427872764535
2020-04-15,-0.010852561083662645
2020-04-16,-0.005398868635463089
2020-04-17,-0.007190812911154516
2020-04-20,0.0022177719276487346
2020-04-21,-0.011422917789289593
2020-04-22,-0.00017291847271785283
2020-04-23,0.0008712969473500117
2020-04-24,0.003872287428258468
2020-04-27,0.004580203164071204
2020-04-28,0.010294947897964268
2020-04-29,0.013918222895843739
2020-04-30,0.011028349817656179
2020-05-04,0.004071898895974616
2020-05-05,0.012901999396974315
2020-05-06,0.006366743925802281
2020-05-07,0.007001365235452192
2020-05-08,-0.01771847659631453
2020-05-11,-0.0012374036488299023
2020-05-12,-0.01965585444146639
2020-05-13,-0.008442883220441637
2020-05-14,0.008054464430301703
2020-05-15,0.009963326404440956
2020-05-18,0.015109460803970314
2020-05-19,-0.0070015064669396694
2020-05-20,0.0018704139006482175
2020-05-21,0.009267754950652482
2020-05-22,0.010517675944671241
2020-05-26,0.01637828632484144
2020-05-27,0.009070580255026528
2020-05-28,-0.009321678460625727
2020-05-29,0.0008096396922869625
2020-06-01,0.008916766188400305
2020-06-02,0.008181365085700049
2020-06-03,0.010787443065638787
2020-06-04,0.005524575301485194
2020-06-05,-0.005570628395943945
2020-06-08,0.0030506527352337355
2020-06-09,-0.0027388659508988385
2020-06-10,-0.008555105630779434
2020-06-11,-0.00489349108766103
2020-06-12,-0.007128732629230182
2020-06-15,0.009540452247578452
2020-06-16,0.00656588746470723
2020-06-17,0.035401086984625886
2020-06-18,-0.005115134214544859
2020-06-19,-0.0029161031688804944
2020-06-22,0.0031710763043218955
2020-06-23,-0.004634262588842985
2020-06-24,-0.0049927048363782025
2020-06-25,-0.005797615515052359
2020-06-26,-0.012338051708251486
2020-06-29,-0.002563838337043818
2020-06-30,0.008026411582259016
2020-07-01,0.004192730184534289
2020-07-02,-0.0007363120182594601
2020-07-03,0.0021022052349505423
2020-07-06,-0.0034038979820156345
2020-07-07,-0.0006766792201358074
2020-07-08,-0.0010553444500546517
2020-07-09,0.00442033405238701
2020-07-10,-0.007049351923177987
2020-07-13,0.002830194948024973
2020-07-14,-0.0017114117794321691
2020-07-15,0.010549000272502732
2020-07-16,0.002016633454205958
2020-07-17,1.5122237699206582e-05
2020-07-20,-0.0009493247941600982
2020-07-21,-0.0034363549509732793
2020-07-22,-0.0019077039231406453
2020-07-23,0.001007949552455165
2020-07-24,-0.0004036455381509387
2020-07-27,-0.0015879791038708967
2020-07-28,0.003164123114942055
2020-07-29,-0.0009020840298197893
2020-08-03,-0.010558867778471792
2020-08-04,0.0038541885499686146
2020-08-05,0.0021127823045233637
2020-08-06,0.005009572336804278
2020-08-07,0.0029016788491899015
2020-08-10,0.0013354713115546306
2020-08-11,-0.0015848832028376575
2020-08-12,0.001850676313843645
2020-08-13,0.0036119373227225748
2020-08-17,-0.0014718456424600147
2020-08-18,-0.0002073196461395531
2020-08-19,-0.0027467814252519545
2020-08-24,-0.0009267491346435612
2020-08-25,-0.0012972911416802735
2020-08-26,-0.002902122844442638
2020-08-27,-0.006358339064496777
2020-08-28,-0.0076567899816290036
2020-08-31,0.006201979799301634
2020-09-01,0.015313936303606092
2020-09-02,-4.8110633615366736e-05
2020-09-03,-0.0007093504603987073
2020-09-04,-0.00899629037669117
2020-09-07,0.004143487495000373
2020-09-08,-0.0043858666173881775
2020-09-09,0.002227364214316524
2020-09-10,0.003760039886595953
2020-09-11,-0.0013743545643175943
2020-09-14,-0.006873743082201978
2020-09-15,-0.0036165280782326312
2020-09-16,-0.002811759703873215
2020-09-17,-0.0037691992825915873
2020-09-18,0.002178785316075686
2020-09-21,0.003972821312698611
2020-09-22,-0.000338992841316108
2020-09-23,-0.0017354742888723085
2020-09-24,-0.01101936317014889
2020-09-25,-0.004319731926955017
2020-09-28,0.00401357650747898
2020-09-29,-0.00042207478448191485
2020-09-30,7.965387518564351e-05
2020-10-01,0.0025331186585121736
2020-10-02,0.0074662369816054135
2020-10-05,0.002088992489736315
2020-10-06,0.0067792773229873125
2020-10-07,0.003395429371893536
2020-10-08,-0.002993323660275627
2020-10-09,0.002796326590036283
2020-10-12,-0.0001761951063743563
2020-10-13,0.002770869320239959
2020-10-14,0.015155292584631871
2020-10-15,-0.0012538664444834606
2020-10-16,-0.00498879817991331
2020-10-19,-0.0036789010767328
2020-10-20,0.001932557661905696
2020-10-21,0.002469340308747775
2020-10-22,0.004262292424511174
2020-10-23,0.007812739552929462
2020-10-26,-0.0008813878030176648
2020-10-27,0.00045651187930546134
2020-10-28,0.00118751728679454
2020-11-02,-0.009291019167882001
2020-11-03,-0.0006472048116790498
2020-11-04,-0.0008152504274919457
2020-11-05,0.0008613541890008068
2020-11-09,0.019182245328806802
2020-11-10,0.004026451161173085
2020-11-11,-0.0022207116327126156
2020-11-12,0.0027048633438866722
2020-11-13,0.005365923520299502
2020-11-16,0.004818460603624903
2020-11-17,0.001298255873723231
2020-11-19,0.003688769911854187
2020-11-20,0.013287528658354935
2020-11-23,0.0021546475075287985
2020-11-24,0.0088047070469968
2020-11-25,0.008037764685483072
2020-11-26,-0.006787429000746955
2020-11-27,-0.013454006891818499
2020-11-30,0.009575345893319839
2020-12-01,-0.0029115045234601664
2020-12-02,-2.9460574254378833e-05
2020-12-03,0.0010336377708741954
2020-12-04,0.0004220700252878976
2020-12-07,0.003064154487719644
2020-12-08,0.002335601780777462
2020-12-09,0.004540161309366552
2020-12-10,0.0005384254681715814
2020-12-11,0.024750535493232455
2020-12-14,-0.002409962492746805
2020-12-15,0.001875797242839376
2020-12-16,0.00542144859290212
2020-12-17,0.011439617860450975
2020-12-18,-0.0026717796440001882
2020-12-21,-0.0322468648563602
2020-12-22,0.015971987436327707
2020-12-23,0.004799487692375743
2020-12-24,-0.004505668029583443
2020-12-25,-0.008931268670664025
2020-12-28,-0.000110357634396284
2020-12-29,-0.003122259243947668
2020-12-30,0.00010423690362640325
2020-12-31,0.007099650846579248
2021-01-04,0.004924330798387844
2021-01-05,-0.007853316926813188
2021-01-06,-0.003355545484448542
2021-01-07,0.005074330154836483
2021-01-08,-0.0020382282191692114
2021-01-12,0.004362109039476213
2021-01-13,-0.003083954482212886
2021-01-14,0.005862549024858921
2021-01-15,0.008072105706179824
2021-01-18,0.0043295806488126455
2021-01-19,0.0014855358884256085
2021-01-20,0.0030228404590186544
2021-01-21,-2.9500372401679303e-05
2021-01-22,0.00435274247368498
2021-01-25,0.006529338656393554
2021-01-26,0.006999756265620856
2021-01-27,-0.0017771277388857348
2021-01-28,-0.0034022443305831156
2021-01-29,-0.002403225006987352
2021-02-01,0.0006693168369763161
2021-02-02,0.006266573552355614
2021-02-03,0.003676528280272842
2021-02-04,-0.0008687040565928795
2021-02-05,-0.002466615843003719
2021-02-08,-0.0008360033953437521
2021-02-09,-0.004560635261824115
2021-02-10,-0.007705123950027954
2021-02-11,0.0024171621999145897
2021-02-12,-0.003183758135641845
2021-02-15,-0.002537085650016319
2021-02-16,0.004600068066373004
2021-02-17,-0.005309948603394458
2021-02-18,0.004090621207349531
2021-02-19,-0.009055820014389013
2021-02-22,-0.001305014118762345
2021-02-23,-0.006491653190189934
2021-02-24,-0.008697834051586454
2021-02-25,0.006119547419894465
2021-02-26,0.00044961777758286423
2021-03-01,-0.0005557113221250561
2021-03-02,0.0015647521881243492
2021-03-03,-0.002961189982492257
2021-03-04,0.0009474792142953637
2021-03-05,-4.7419214149902965e-05
2021-03-08,-0.0017479395639330682
2021-03-09,0.0029917412426303477
2021-03-10,-0.0011103279083624928
2021-03-11,-0.00036029665127635535
2021-03-12,0.0057722191985187955
2021-03-15,0.0001358030971488466
2021-03-16,0.006174656719964516
2021-03-17,0.006531099417818173
2021-03-18,-0.0058458264635242625
2021-03-19,-0.0028683320120238822
2021-03-22,-0.002119960896005988
2021-03-23,-0.005553321582009581
2021-03-24,0.004564197645209876
2021-03-25,0.005181086464554073
2021-03-26,0.0004986348500000977
2021-03-29,-0.0015799979432642632
2021-03-30,0.003018082096156985
2021-03-31,-0.0031926050626521385
2021-04-01,0.006078031762378506
2021-04-02,0.0017071684936392183
2021-04-05,-0.003672532324026103
2021-04-06,0.0004019015958955592
2021-04-07,-0.0012149652106471422
2021-04-08,0.0025230233491296606
2021-04-09,0.001929486811374213
2021-04-12,0.00334393360539081
2021-04-13,-0.000777676978738941
2021-04-14,0.0011891921916724311
2021-04-15,0.0013507958806786835
2021-04-16,0.0030784805432457663
2021-04-19,-0.00047973540134266024
2021-04-20,0.003274106570580556
2021-04-21,-0.0016086473582532328
2021-04-22,0.0026675352110819583
2021-04-23,0.002226757794046182
2021-04-26,-0.0008965347886432289
2021-04-27,0.0014346083780726257
2021-04-28,0.0031344372745182123
2021-04-29,0.0014401865114191561
2021-04-30,0.0010267935716241415
2021-05-03,0.00382077249270121
2021-05-04,0.004781355071669482
2021-05-05,0.003766477866075471
2021-05-06,0.004785377916054572
2021-05-07,6.36392629120542e-05
2021-05-10,0.003777832497160481
2021-05-11,-0.002394922337451285
2021-05-12,0.0010722396593928368
2021-05-17,0.011567166169188531
2021-05-18,-0.0006666942355349286
2021-05-19,0.0030222879700250085
2021-05-20,-0.012935781226599805
2021-05-21,0.007739922027502112
2021-05-24,-0.004421716966345765
2021-05-25,0.00016942951386959368
2021-05-26,0.002084805380438977
2021-05-27,-0.0016906416110190167
2021-05-28,0.005485346813887688
2021-05-31,-0.00419907172962681
2021-06-01,0.004154251836741874
2021-06-02,0.008577812988773475
2021-06-03,0.009635588298413064
2021-06-04,-0.0009294460704780146
2021-06-07,0.00021390422107654434
2021-06-08,-0.0012570161392544044
2021-06-09,-0.00044296586550976816
2021-06-10,0.0007729517617860682
2021-06-11,0.007260617795966204
2021-06-14,0.008794205433460442
2021-06-15,-0.005486755472797774
2021-06-16,-0.004110538914250145
2021-06-17,-0.0010059825178762177
2021-06-18,0.0038068218159728953
2021-06-21,0.004940617717993267
